{"cameraMode":{"drawMode":0,"name":"Shaded","section":"Shading Mode"},"sceneLighting":false,"audioPlay":false,"sceneViewState":{"m_AlwaysRefresh":false,"showFog":true,"showSkybox":true,"showFlares":true,"showImageEffects":true,"showParticleSystems":true,"showVisualEffectGraphs":true,"m_FxEnabled":true},"in2DMode":false,"pivot":{"x":516.2015991210938,"y":9.043758392333985,"z":208.5658416748047},"rotation":{"x":0.13449370861053468,"y":-0.0769231989979744,"z":0.010457118973135949,"w":0.9878910183906555},"size":12.124356269836426,"orthographic":false}