{"cameraMode":{"drawMode":0,"name":"Shaded","section":"Shading Mode"},"sceneLighting":false,"audioPlay":false,"sceneViewState":{"m_AlwaysRefresh":false,"showFog":true,"showSkybox":false,"showFlares":true,"showImageEffects":true,"showParticleSystems":true,"showVisualEffectGraphs":true,"m_FxEnabled":true},"in2DMode":false,"pivot":{"x":523.8341064453125,"y":240.70982360839845,"z":159.60467529296876},"rotation":{"x":0.38543954491615298,"y":0.05287111550569534,"z":-0.02209850400686264,"w":0.9211150407791138},"size":1.258128046989441,"orthographic":false}