{"cameraMode":{"drawMode":0,"name":"Shaded","section":"Shading Mode"},"sceneLighting":false,"audioPlay":false,"sceneViewState":{"m_AlwaysRefresh":false,"showFog":true,"showSkybox":false,"showFlares":true,"showImageEffects":true,"showParticleSystems":true,"showVisualEffectGraphs":true,"m_FxEnabled":true},"in2DMode":false,"pivot":{"x":522.3468627929688,"y":15.6846923828125,"z":165.29391479492188},"rotation":{"x":0.00004942728628520854,"y":-0.9974572658538818,"z":0.07406035810709,"w":0.0071688261814415459},"size":0.01732311025261879,"orthographic":false}